5968ca0726eac3841a8b4568,5968ca0726eac3841a8b4567,5968ca0726eac3841a8b4590
5968ca0726eac3841a8b4568,5968ca0726eac3841a8b4567
5968ca0726eac3841a8b4568,5968ca0726eac3841a8b4567,5968ca0726eac3841a8b4590
5968ca0726eac3841a8b4568,5968ca0726eac3841a8b4567
5968ca0726eac3841a8b4568,5968ca0726eac3841a8b4567,5968ca0726eac3841a8b4590
5968ca0726eac3841a8b4568,5968ca0726eac3841a8b4567
5968ca0726eac3841a8b4568,5968ca0726eac3841a8b4567,5968ca0726eac3841a8b4590
5968ca0726eac3841a8b4568,5968ca0726eac3841a8b4567
5968ca0726eac3841a8b4568,5968ca0726eac3841a8b4567,5968ca0726eac3841a8b4590
5968ca0726eac3841a8b4568,5968ca0726eac3841a8b4567
5968ca0726eac3841a8b4568,5968ca0726eac3841a8b4567,5968ca0726eac3841a8b4590
5968ca0726eac3841a8b4568,5968ca0726eac3841a8b4567
5968ca0726eac3841a8b4568,5968ca0726eac3841a8b4567,5968ca0726eac3841a8b4590
5968ca0726eac3841a8b4568,5968ca0726eac3841a8b4567
5968ca0726eac3841a8b4568,5968ca0726eac3841a8b4567,5968ca0726eac3841a8b4590
5968ca0726eac3841a8b4568,5968ca0726eac3841a8b4567
5968ca0726eac3841a8b4568,5968ca0726eac3841a8b4567,5968ca0726eac3841a8b4590
5968ca0726eac3841a8b4568,5968ca0726eac3841a8b4567
5968ca0726eac3841a8b4568,5968ca0726eac3841a8b4567,5968ca0726eac3841a8b4590
5968ca0726eac3841a8b4568,5968ca0726eac3841a8b4567
5968ca0726eac3841a8b4568,5968ca0726eac3841a8b4567,5968ca0726eac3841a8b4590
5968ca0726eac3841a8b4568,5968ca0726eac3841a8b4567
5968ca0726eac3841a8b4568,5968ca0726eac3841a8b4567,5968ca0726eac3841a8b4590,5968ca0726eac3841a8b4568,5968ca0726eac3841a8b4567,5968ca0726eac3841a8b4568,5968ca0726eac3841a8b4567,5968ca0726eac3841a8b4590
5968ca0726eac3841a8b4568,5968ca0726eac3841a8b4567
